size,processes,t1,t2,t3,t4,t5,t6,t7,t8,t9,t10
128,1,0.8568287901580334,1.073535718023777,0.6920566856861115,0.6985393650829792,0.754381600767374,0.9901606813073158,0.9987947028130293,1.0227632019668818,0.9917687252163887,0.9829080086201429
256,1,3.7781351301819086,3.386686945334077,3.376956097781658,3.409073820337653,3.3591345101594925,3.6300229988992214,3.392831539735198,3.3600982427597046,3.438601277768612,3.4001726992428303
512,1,20.62140159495175,20.339936088770628,20.989123286679387,21.46814644522965,21.35622138902545,21.44461797364056,21.27134381234646,21.34981851838529,21.235754504799843,21.499643424525857
1024,1,178.4729299247265,176.561523322016,