size,processes,t1,t2,t3,t4,t5,t6,t7,t8,t9,t10
128,1,0.7427643891423941,0.7262670770287514,0.7243907805532217,0.7336625643074512,0.7199376877397299,0.7196138612926006,0.7316670008003712,0.7288240548223257,0.7225283849984407,0.7736750990152359
256,1,3.561734527349472,3.5713532343506813,3.5869714859873056,3.559725461527705,3.558649295940995,3.5690251737833023,3.5428494345396757,3.597922708839178,3.557037156075239,3.6132943145930767
512,1,28.92216040380299,28.899465791881084,28.91311001032591,28.84792983531952,28.802524970844388,28.8765582870692,28.908140609040856,28.89617707207799,28.899557661265135,28.815838780254126
1024,1,284.5449655149132,284.28771111369133,285.03244954906404,284.6160984579474,285.0763939283788,282.1585103273392,284.76677422225475,282.6818229034543,280.81412620842457,281.52160259895027
128,2,0.6051798555999994,0.590174313634634,0.5979025568813086,0.6045810747891665,0.6060656663030386,0.5999404508620501,0.5970257371664047,0.6319710053503513,0.605392063036561,0.610856706276536
256,2,2.361237531527877,2.406362244859338,2.384811520576477,2.391490336507559,2.392097679898143,2.3720239866524935,2.402195332571864,2.3744506165385246,2.4106015991419554,2.3748376611620188
512,2,13.625820590183139,13.487974913790822,13.842563005164266,14.532757002860308,13.931586038321257,13.98175465874374,13.788377018645406,13.863338625058532,13.85316014289856,13.667861634865403
1024,2,122.73992724902928,