threads,size,runtime
1,64,0.133827,
1,128,0.711232,
1,256,3.75004,
1,512,23.2475,
1,1024,180.167,
2,64,0.12277,
2,128,0.438995,
2,256,2.36488,
2,512,13.3959,
2,1024,83.8268,
4,64,0.119115,
4,128,0.303038,
4,256,1.32108,
4,512,5.65498,
4,1024,40.7257,
8,64,0.135053,
8,128,0.239122,
8,256,0.806619,
8,512,4.10214,
8,1024,36.397,
16,64,4.70499,
16,128,0.702513,
16,256,1.71881,
16,512,3.70175,
16,1024,11.7801,
24,64,7.25847,
24,128,0.393058,
24,256,0.718507,
24,512,15.3457,
24,1024,20.5142,
