time,correct,n_tasks
22.969370,1,1
12.502927,1,2
5.939004,1,4
3.653551,1,8
3.232626,1,10
